{
  "Id": "ARSSeaBreeze",
  "DisplayName": "FCS SeaBreeze",
  "Author": "Field Creators Studios",
  "Version": "2.0.6",
  "VersionDependencies": {
    "FCSTechFabricator": "2.0.9",
    "SMLHelper": "2.9"
  },
  "AssemblyName": "ARS_SeaBreezeFCS32.dll",
  "Enable": true,
  "VersionChecker": {
    "LatestVersionURL": "https://github.com/ccgould/FCStudios_SubnauticaMods/raw/master/ARS_SeaBreezeFCS32/mod.json"
  },
  "Game": "Subnautica",
  "NexusId": {
    "Subnautica": "318"
  }
}