{
    "DrillableAluminiumOxide": [
      {
        "biome": "bloodKelp_CaveFloor",
        "count": 1,
        "probability": 0.15
      },
      {
        "biome": "bonesField_Corridor_Ground",
        "count": 1,
        "probability": 0.125
      },
      {
        "biome": "bonesField_Ground",
        "count": 1,
        "probability": 0.08
      },
      {
        "biome": "bonesField_Lake_Floor",
        "count": 1,
        "probability": 0.07
      },
      {
        "biome": "lostRiverJunction_Ground",
        "count": 1,
        "probability": 0.15
      },
      {
        "biome": "lostRiverCorridor_Ground",
        "count": 1,
        "probability": 0.1
      },
      {
        "biome": "inactiveLavaZone_LavaPit_Floor",
        "count": 1,
        "probability": 0.1
      },
      {
        "biome": "inactiveLavaZone_Chamber_Floor_Far",
        "count": 1,
        "probability": 0.03
      }
    ],
    "DrillableDiamond": [
      {
        "biome": "jellyshroomCaves_CaveFloor",
        "count": 1,
        "probability": 0.1
      },
      {
        "biome": "JellyshroomCaves_CaveCeiling",
        "count": 1,
        "probability": 0.2
      },
      {
        "biome": "inactiveLavaZone_LavaPit_Floor",
        "count": 1,
        "probability": 0.1
      },
      {
        "biome": "inactiveLavaZone_Chamber_Floor_Far",
        "count": 1,
        "probability": 0.03
      }
    ],
    "DrillableMercury": [
      {
        "biome": "bloodKelp_CaveFloor",
        "count": 1,
        "probability": 0.15
      },
      {
        "biome": "bonesField_LakePit_Floor",
        "count": 1,
        "probability": 0.2
      },
      {
        "biome": "treeCove_LakeFloor",
        "count": 1,
        "probability": 0.2
      },
      {
        "biome": "inactiveLavaZone_LavaPit_Floor",
        "count": 1,
        "probability": 0.1
      },
      {
        "biome": "inactiveLavaZone_Chamber_Floor_Far",
        "count": 1,
        "probability": 0.03
      }
    ]
}
    