{
  "Id": "CyclopsSpeedUpgrades",
  "DisplayName": "CyclopsSpeedUpgrades",
  "Author": "PrimeSonic",
  "Version": "4.1.2",
  "Enable": true,
  "Game": "Subnautica",
  "AssemblyName": "CyclopsSpeedUpgrades.dll",
  "Dependencies": [ "SMLHelper", "MoreCyclopsUpgrades" ],
  "LoadBefore": [ "MoreCyclopsUpgrades" ],
  "EntryMethod": "CyclopsSpeedUpgrades.QPatch.Patch",
  "NexusId": { "Subnautica": "272" },
  "VersionChecker": { "LatestVersionURL": "https://raw.githubusercontent.com/PrimeSonic/PrimeSonicSubnauticaMods/master/CyclopsSpeedUpgrades/mod.json" }
}